{
    "prepare_queue": {
        "installed": [],
        "uninstalled": []
    },
    "config_munge": {
        "files": {
            "res/xml/config.xml": {
                "parents": {
                    "/*": [
                        {
                            "xml": "<feature name=\"Whitelist\"><param name=\"android-package\" value=\"org.apache.cordova.whitelist.WhitelistPlugin\" /><param name=\"onload\" value=\"true\" /></feature>",
                            "count": 1
                        },
                        {
                            "xml": "<feature name=\"FirebaseAnalytics\"><param name=\"android-package\" value=\"by.chemerisuk.cordova.firebase.FirebaseAnalyticsPlugin\" /><param name=\"onload\" value=\"true\" /></feature>",
                            "count": 1
                        }
                    ]
                }
            },
            "AndroidManifest.xml": {
                "parents": {
                    "/*": [
                        {
                            "xml": "<uses-permission android:name=\"android.permission.INTERNET\" />",
                            "count": 1
                        }
                    ]
                }
            }
        }
    },
    "installed_plugins": {
        "cordova-plugin-whitelist": {
            "PACKAGE_NAME": "com.testing.cognizant"
        },
        "cordova-support-google-services": {
            "PACKAGE_NAME": "com.testing.cognizant"
        },
        "cordova-plugin-firebase-analytics": {
            "PACKAGE_NAME": "com.testing.cognizant"
        }
    },
    "dependent_plugins": {},
    "modules": [
        {
            "id": "cordova-plugin-firebase-analytics.FirebaseAnalytics",
            "file": "plugins/cordova-plugin-firebase-analytics/www/FirebaseAnalytics.js",
            "pluginId": "cordova-plugin-firebase-analytics",
            "merges": [
                "cordova.plugins.firebase.analytics"
            ]
        }
    ],
    "plugin_metadata": {
        "cordova-plugin-whitelist": "1.3.2",
        "cordova-support-google-services": "1.0.0",
        "cordova-plugin-firebase-analytics": "0.11.0"
    }
}