<?xml version="1.0" encoding="utf-8"?>
<merger version="3"><dataSet config="debug$Generated" generated="true"><source path="/Users/cognizant/Desktop/GrainFlowApp/platforms/android/build/intermediates/exploded-aar/org.apache.cordova/CordovaLib/6.3.0/debug/res"/></dataSet><dataSet config="main$Generated" generated="true"><source path="/Users/cognizant/Desktop/GrainFlowApp/platforms/android/res"/><source path="/Users/cognizant/Desktop/GrainFlowApp/platforms/android/build/generated/res/rs/debug"/><source path="/Users/cognizant/Desktop/GrainFlowApp/platforms/android/build/generated/res/resValues/debug"/></dataSet><dataSet config="debug$Generated" generated="true"><source path="/Users/cognizant/Desktop/GrainFlowApp/platforms/android/src/debug/res"/></dataSet><dataSet config="debug" from-dependency="true" generated-set="debug$Generated"><source path="/Users/cognizant/Desktop/GrainFlowApp/platforms/android/build/intermediates/exploded-aar/org.apache.cordova/CordovaLib/6.3.0/debug/res"/></dataSet><dataSet config="main" generated-set="main$Generated"><source path="/Users/cognizant/Desktop/GrainFlowApp/platforms/android/res"><file name="ic_action_next_item" path="/Users/cognizant/Desktop/GrainFlowApp/platforms/android/res/drawable-hdpi/ic_action_next_item.png" qualifiers="hdpi-v4" type="drawable"/><file name="ic_action_previous_item" path="/Users/cognizant/Desktop/GrainFlowApp/platforms/android/res/drawable-hdpi/ic_action_previous_item.png" qualifiers="hdpi-v4" type="drawable"/><file name="ic_action_remove" path="/Users/cognizant/Desktop/GrainFlowApp/platforms/android/res/drawable-hdpi/ic_action_remove.png" qualifiers="hdpi-v4" type="drawable"/><file name="icon" path="/Users/cognizant/Desktop/GrainFlowApp/platforms/android/res/drawable-hdpi/icon.png" qualifiers="hdpi-v4" type="drawable"/><file name="splash" path="/Users/cognizant/Desktop/GrainFlowApp/platforms/android/res/drawable-hdpi/splash.png" qualifiers="hdpi-v4" type="drawable"/><file name="icon" path="/Users/cognizant/Desktop/GrainFlowApp/platforms/android/res/drawable-land-hdpi/icon.png" qualifiers="land-hdpi-v4" type="drawable"/><file name="screen" path="/Users/cognizant/Desktop/GrainFlowApp/platforms/android/res/drawable-land-hdpi/screen.png" qualifiers="land-hdpi-v4" type="drawable"/><file name="splash" path="/Users/cognizant/Desktop/GrainFlowApp/platforms/android/res/drawable-land-hdpi/splash.png" qualifiers="land-hdpi-v4" type="drawable"/><file name="icon" path="/Users/cognizant/Desktop/GrainFlowApp/platforms/android/res/drawable-land-ldpi/icon.png" qualifiers="land-ldpi-v4" type="drawable"/><file name="screen" path="/Users/cognizant/Desktop/GrainFlowApp/platforms/android/res/drawable-land-ldpi/screen.png" qualifiers="land-ldpi-v4" type="drawable"/><file name="splash" path="/Users/cognizant/Desktop/GrainFlowApp/platforms/android/res/drawable-land-ldpi/splash.png" qualifiers="land-ldpi-v4" type="drawable"/><file name="icon" path="/Users/cognizant/Desktop/GrainFlowApp/platforms/android/res/drawable-land-mdpi/icon.png" qualifiers="land-mdpi-v4" type="drawable"/><file name="screen" path="/Users/cognizant/Desktop/GrainFlowApp/platforms/android/res/drawable-land-mdpi/screen.png" qualifiers="land-mdpi-v4" type="drawable"/><file name="splash" path="/Users/cognizant/Desktop/GrainFlowApp/platforms/android/res/drawable-land-mdpi/splash.png" qualifiers="land-mdpi-v4" type="drawable"/><file name="icon" path="/Users/cognizant/Desktop/GrainFlowApp/platforms/android/res/drawable-land-xhdpi/icon.png" qualifiers="land-xhdpi-v4" type="drawable"/><file name="screen" path="/Users/cognizant/Desktop/GrainFlowApp/platforms/android/res/drawable-land-xhdpi/screen.png" qualifiers="land-xhdpi-v4" type="drawable"/><file name="splash" path="/Users/cognizant/Desktop/GrainFlowApp/platforms/android/res/drawable-land-xhdpi/splash.png" qualifiers="land-xhdpi-v4" type="drawable"/><file name="screen" path="/Users/cognizant/Desktop/GrainFlowApp/platforms/android/res/drawable-land-xxhdpi/screen.png" qualifiers="land-xxhdpi-v4" type="drawable"/><file name="screen" path="/Users/cognizant/Desktop/GrainFlowApp/platforms/android/res/drawable-land-xxxhdpi/screen.png" qualifiers="land-xxxhdpi-v4" type="drawable"/><file name="ic_action_next_item" path="/Users/cognizant/Desktop/GrainFlowApp/platforms/android/res/drawable-mdpi/ic_action_next_item.png" qualifiers="mdpi-v4" type="drawable"/><file name="ic_action_previous_item" path="/Users/cognizant/Desktop/GrainFlowApp/platforms/android/res/drawable-mdpi/ic_action_previous_item.png" qualifiers="mdpi-v4" type="drawable"/><file name="ic_action_remove" path="/Users/cognizant/Desktop/GrainFlowApp/platforms/android/res/drawable-mdpi/ic_action_remove.png" qualifiers="mdpi-v4" type="drawable"/><file name="icon" path="/Users/cognizant/Desktop/GrainFlowApp/platforms/android/res/drawable-mdpi/icon.png" qualifiers="mdpi-v4" type="drawable"/><file name="splash" path="/Users/cognizant/Desktop/GrainFlowApp/platforms/android/res/drawable-mdpi/splash.png" qualifiers="mdpi-v4" type="drawable"/><file name="icon" path="/Users/cognizant/Desktop/GrainFlowApp/platforms/android/res/drawable-port-hdpi/icon.png" qualifiers="port-hdpi-v4" type="drawable"/><file name="screen" path="/Users/cognizant/Desktop/GrainFlowApp/platforms/android/res/drawable-port-hdpi/screen.png" qualifiers="port-hdpi-v4" type="drawable"/><file name="splash" path="/Users/cognizant/Desktop/GrainFlowApp/platforms/android/res/drawable-port-hdpi/splash.png" qualifiers="port-hdpi-v4" type="drawable"/><file name="icon" path="/Users/cognizant/Desktop/GrainFlowApp/platforms/android/res/drawable-port-ldpi/icon.png" qualifiers="port-ldpi-v4" type="drawable"/><file name="screen" path="/Users/cognizant/Desktop/GrainFlowApp/platforms/android/res/drawable-port-ldpi/screen.png" qualifiers="port-ldpi-v4" type="drawable"/><file name="splash" path="/Users/cognizant/Desktop/GrainFlowApp/platforms/android/res/drawable-port-ldpi/splash.png" qualifiers="port-ldpi-v4" type="drawable"/><file name="icon" path="/Users/cognizant/Desktop/GrainFlowApp/platforms/android/res/drawable-port-mdpi/icon.png" qualifiers="port-mdpi-v4" type="drawable"/><file name="screen" path="/Users/cognizant/Desktop/GrainFlowApp/platforms/android/res/drawable-port-mdpi/screen.png" qualifiers="port-mdpi-v4" type="drawable"/><file name="splash" path="/Users/cognizant/Desktop/GrainFlowApp/platforms/android/res/drawable-port-mdpi/splash.png" qualifiers="port-mdpi-v4" type="drawable"/><file name="icon" path="/Users/cognizant/Desktop/GrainFlowApp/platforms/android/res/drawable-port-xhdpi/icon.png" qualifiers="port-xhdpi-v4" type="drawable"/><file name="screen" path="/Users/cognizant/Desktop/GrainFlowApp/platforms/android/res/drawable-port-xhdpi/screen.png" qualifiers="port-xhdpi-v4" type="drawable"/><file name="splash" path="/Users/cognizant/Desktop/GrainFlowApp/platforms/android/res/drawable-port-xhdpi/splash.png" qualifiers="port-xhdpi-v4" type="drawable"/><file name="screen" path="/Users/cognizant/Desktop/GrainFlowApp/platforms/android/res/drawable-port-xxhdpi/screen.png" qualifiers="port-xxhdpi-v4" type="drawable"/><file name="screen" path="/Users/cognizant/Desktop/GrainFlowApp/platforms/android/res/drawable-port-xxxhdpi/screen.png" qualifiers="port-xxxhdpi-v4" type="drawable"/><file name="ic_action_next_item" path="/Users/cognizant/Desktop/GrainFlowApp/platforms/android/res/drawable-xhdpi/ic_action_next_item.png" qualifiers="xhdpi-v4" type="drawable"/><file name="ic_action_previous_item" path="/Users/cognizant/Desktop/GrainFlowApp/platforms/android/res/drawable-xhdpi/ic_action_previous_item.png" qualifiers="xhdpi-v4" type="drawable"/><file name="ic_action_remove" path="/Users/cognizant/Desktop/GrainFlowApp/platforms/android/res/drawable-xhdpi/ic_action_remove.png" qualifiers="xhdpi-v4" type="drawable"/><file name="icon" path="/Users/cognizant/Desktop/GrainFlowApp/platforms/android/res/drawable-xhdpi/icon.png" qualifiers="xhdpi-v4" type="drawable"/><file name="splash" path="/Users/cognizant/Desktop/GrainFlowApp/platforms/android/res/drawable-xhdpi/splash.png" qualifiers="xhdpi-v4" type="drawable"/><file name="ic_action_next_item" path="/Users/cognizant/Desktop/GrainFlowApp/platforms/android/res/drawable-xxhdpi/ic_action_next_item.png" qualifiers="xxhdpi-v4" type="drawable"/><file name="ic_action_previous_item" path="/Users/cognizant/Desktop/GrainFlowApp/platforms/android/res/drawable-xxhdpi/ic_action_previous_item.png" qualifiers="xxhdpi-v4" type="drawable"/><file name="ic_action_remove" path="/Users/cognizant/Desktop/GrainFlowApp/platforms/android/res/drawable-xxhdpi/ic_action_remove.png" qualifiers="xxhdpi-v4" type="drawable"/><file name="icon" path="/Users/cognizant/Desktop/GrainFlowApp/platforms/android/res/mipmap-hdpi/icon.png" qualifiers="hdpi-v4" type="mipmap"/><file name="icon" path="/Users/cognizant/Desktop/GrainFlowApp/platforms/android/res/mipmap-ldpi/icon.png" qualifiers="ldpi-v4" type="mipmap"/><file name="icon" path="/Users/cognizant/Desktop/GrainFlowApp/platforms/android/res/mipmap-mdpi/icon.png" qualifiers="mdpi-v4" type="mipmap"/><file name="icon" path="/Users/cognizant/Desktop/GrainFlowApp/platforms/android/res/mipmap-xhdpi/icon.png" qualifiers="xhdpi-v4" type="mipmap"/><file name="icon" path="/Users/cognizant/Desktop/GrainFlowApp/platforms/android/res/mipmap-xxhdpi/icon.png" qualifiers="xxhdpi-v4" type="mipmap"/><file name="icon" path="/Users/cognizant/Desktop/GrainFlowApp/platforms/android/res/mipmap-xxxhdpi/icon.png" qualifiers="xxxhdpi-v4" type="mipmap"/><file path="/Users/cognizant/Desktop/GrainFlowApp/platforms/android/res/values/strings.xml" qualifiers=""><string name="launcher_name">@string/app_name</string><string name="app_name">GrainFlow</string><string name="activity_name">@string/launcher_name</string></file><file name="config" path="/Users/cognizant/Desktop/GrainFlowApp/platforms/android/res/xml/config.xml" qualifiers="" type="xml"/></source><source path="/Users/cognizant/Desktop/GrainFlowApp/platforms/android/build/generated/res/rs/debug"/><source path="/Users/cognizant/Desktop/GrainFlowApp/platforms/android/build/generated/res/resValues/debug"/></dataSet><dataSet config="debug" generated-set="debug$Generated"><source path="/Users/cognizant/Desktop/GrainFlowApp/platforms/android/src/debug/res"/></dataSet><mergedItems/></merger>