{
    "prepare_queue": {
        "installed": [],
        "uninstalled": []
    },
    "config_munge": {
        "files": {
            "config.xml": {
                "parents": {
                    "/*": [
                        {
                            "xml": "<feature name=\"Device\"><param name=\"ios-package\" value=\"CDVDevice\" /></feature>",
                            "count": 1
                        },
                        {
                            "xml": "<feature name=\"InAppBrowser\"><param name=\"ios-package\" value=\"CDVInAppBrowser\" /></feature>",
                            "count": 1
                        },
                        {
                            "xml": "<feature name=\"NetworkStatus\"><param name=\"ios-package\" value=\"CDVConnection\" /></feature>",
                            "count": 1
                        },
                        {
                            "xml": "<feature name=\"SplashScreen\"><param name=\"ios-package\" value=\"CDVSplashScreen\" /><param name=\"onload\" value=\"true\" /></feature>",
                            "count": 1
                        },
                        {
                            "xml": "<feature name=\"Keyboard\"><param name=\"ios-package\" onload=\"true\" value=\"IonicKeyboard\" /></feature>",
                            "count": 1
                        },
                        {
                            "xml": "<feature name=\"Console\"><param name=\"ios-package\" value=\"CDVLogger\" /></feature>",
                            "count": 1
                        }
                    ]
                }
            }
        }
    },
    "installed_plugins": {
        "cordova-plugin-device": {
            "PACKAGE_NAME": "com.grainflow.cargill"
        },
        "cordova-plugin-inappbrowser": {
            "PACKAGE_NAME": "com.grainflow.cargill"
        },
        "cordova-plugin-network-information": {
            "PACKAGE_NAME": "com.grainflow.cargill"
        },
        "cordova-plugin-splashscreen": {
            "PACKAGE_NAME": "com.grainflow.cargill"
        },
        "cordova-plugin-whitelist": {
            "PACKAGE_NAME": "com.grainflow.cargill"
        },
        "ionic-plugin-keyboard": {
            "PACKAGE_NAME": "com.grainflow.cargill"
        },
        "org.apache.cordova.console": {
            "PACKAGE_NAME": "com.grainflow.cargill"
        }
    },
    "dependent_plugins": {},
    "modules": [
        {
            "id": "cordova-plugin-device.device",
            "file": "plugins/cordova-plugin-device/www/device.js",
            "pluginId": "cordova-plugin-device",
            "clobbers": [
                "device"
            ]
        },
        {
            "id": "cordova-plugin-inappbrowser.inappbrowser",
            "file": "plugins/cordova-plugin-inappbrowser/www/inappbrowser.js",
            "pluginId": "cordova-plugin-inappbrowser",
            "clobbers": [
                "cordova.InAppBrowser.open",
                "window.open"
            ]
        },
        {
            "id": "cordova-plugin-network-information.network",
            "file": "plugins/cordova-plugin-network-information/www/network.js",
            "pluginId": "cordova-plugin-network-information",
            "clobbers": [
                "navigator.connection",
                "navigator.network.connection"
            ]
        },
        {
            "id": "cordova-plugin-network-information.Connection",
            "file": "plugins/cordova-plugin-network-information/www/Connection.js",
            "pluginId": "cordova-plugin-network-information",
            "clobbers": [
                "Connection"
            ]
        },
        {
            "id": "cordova-plugin-splashscreen.SplashScreen",
            "file": "plugins/cordova-plugin-splashscreen/www/splashscreen.js",
            "pluginId": "cordova-plugin-splashscreen",
            "clobbers": [
                "navigator.splashscreen"
            ]
        },
        {
            "id": "ionic-plugin-keyboard.keyboard",
            "file": "plugins/ionic-plugin-keyboard/www/ios/keyboard.js",
            "pluginId": "ionic-plugin-keyboard",
            "clobbers": [
                "cordova.plugins.Keyboard"
            ],
            "runs": true
        },
        {
            "id": "org.apache.cordova.console.console",
            "file": "plugins/org.apache.cordova.console/www/console-via-logger.js",
            "pluginId": "org.apache.cordova.console",
            "clobbers": [
                "console"
            ]
        },
        {
            "id": "org.apache.cordova.console.logger",
            "file": "plugins/org.apache.cordova.console/www/logger.js",
            "pluginId": "org.apache.cordova.console",
            "clobbers": [
                "cordova.logger"
            ]
        }
    ],
    "plugin_metadata": {
        "cordova-plugin-device": "1.1.6",
        "cordova-plugin-inappbrowser": "1.6.1",
        "cordova-plugin-network-information": "1.3.3",
        "cordova-plugin-splashscreen": "2.0.0",
        "cordova-plugin-whitelist": "1.3.2",
        "ionic-plugin-keyboard": "2.2.1",
        "org.apache.cordova.console": "0.2.13"
    }
}