<?xml version="1.0" encoding="utf-8"?>
<merger version="3"><dataSet config="debug"><source path="/Users/cognizant/Desktop/GrainFlowApp/platforms/android/build/intermediates/exploded-aar/org.apache.cordova/CordovaLib/6.3.0/debug/assets"/></dataSet><dataSet config="main"><source path="/Users/cognizant/Desktop/GrainFlowApp/platforms/android/assets"><file name="www/cordova-js-src/android/nativeapiprovider.js" path="/Users/cognizant/Desktop/GrainFlowApp/platforms/android/assets/www/cordova-js-src/android/nativeapiprovider.js"/><file name="www/cordova-js-src/android/promptbasednativeapi.js" path="/Users/cognizant/Desktop/GrainFlowApp/platforms/android/assets/www/cordova-js-src/android/promptbasednativeapi.js"/><file name="www/cordova-js-src/exec.js" path="/Users/cognizant/Desktop/GrainFlowApp/platforms/android/assets/www/cordova-js-src/exec.js"/><file name="www/cordova-js-src/platform.js" path="/Users/cognizant/Desktop/GrainFlowApp/platforms/android/assets/www/cordova-js-src/platform.js"/><file name="www/cordova-js-src/plugin/android/app.js" path="/Users/cognizant/Desktop/GrainFlowApp/platforms/android/assets/www/cordova-js-src/plugin/android/app.js"/><file name="www/cordova.js" path="/Users/cognizant/Desktop/GrainFlowApp/platforms/android/assets/www/cordova.js"/><file name="www/cordova_plugins.js" path="/Users/cognizant/Desktop/GrainFlowApp/platforms/android/assets/www/cordova_plugins.js"/><file name="www/css/ionic.app.css" path="/Users/cognizant/Desktop/GrainFlowApp/platforms/android/assets/www/css/ionic.app.css"/><file name="www/css/ionic.app.min.css" path="/Users/cognizant/Desktop/GrainFlowApp/platforms/android/assets/www/css/ionic.app.min.css"/><file name="www/css/style.css" path="/Users/cognizant/Desktop/GrainFlowApp/platforms/android/assets/www/css/style.css"/><file name="www/css/style.css.map" path="/Users/cognizant/Desktop/GrainFlowApp/platforms/android/assets/www/css/style.css.map"/><file name="www/img/App icon - launch images/android/icons/icon-36.png" path="/Users/cognizant/Desktop/GrainFlowApp/platforms/android/assets/www/img/App icon - launch images/android/icons/icon-36.png"/><file name="www/img/App icon - launch images/android/icons/icon-48.png" path="/Users/cognizant/Desktop/GrainFlowApp/platforms/android/assets/www/img/App icon - launch images/android/icons/icon-48.png"/><file name="www/img/App icon - launch images/android/icons/icon-72.png" path="/Users/cognizant/Desktop/GrainFlowApp/platforms/android/assets/www/img/App icon - launch images/android/icons/icon-72.png"/><file name="www/img/App icon - launch images/android/icons/icon-96.png" path="/Users/cognizant/Desktop/GrainFlowApp/platforms/android/assets/www/img/App icon - launch images/android/icons/icon-96.png"/><file name="www/img/App icon - launch images/android/launch images/Default-1280x700.png" path="/Users/cognizant/Desktop/GrainFlowApp/platforms/android/assets/www/img/App icon - launch images/android/launch images/Default-1280x700.png"/><file name="www/img/App icon - launch images/android/launch images/Default-200x320.png" path="/Users/cognizant/Desktop/GrainFlowApp/platforms/android/assets/www/img/App icon - launch images/android/launch images/Default-200x320.png"/><file name="www/img/App icon - launch images/android/launch images/Default-320x200.png" path="/Users/cognizant/Desktop/GrainFlowApp/platforms/android/assets/www/img/App icon - launch images/android/launch images/Default-320x200.png"/><file name="www/img/App icon - launch images/android/launch images/Default-320x480.png" path="/Users/cognizant/Desktop/GrainFlowApp/platforms/android/assets/www/img/App icon - launch images/android/launch images/Default-320x480.png"/><file name="www/img/App icon - launch images/android/launch images/Default-426x320~ipad.png" path="/Users/cognizant/Desktop/GrainFlowApp/platforms/android/assets/www/img/App icon - launch images/android/launch images/Default-426x320~ipad.png"/><file name="www/img/App icon - launch images/android/launch images/Default-470x320~ipad.png" path="/Users/cognizant/Desktop/GrainFlowApp/platforms/android/assets/www/img/App icon - launch images/android/launch images/Default-470x320~ipad.png"/><file name="www/img/App icon - launch images/android/launch images/Default-480x320.png" path="/Users/cognizant/Desktop/GrainFlowApp/platforms/android/assets/www/img/App icon - launch images/android/launch images/Default-480x320.png"/><file name="www/img/App icon - launch images/android/launch images/Default-480x800.png" path="/Users/cognizant/Desktop/GrainFlowApp/platforms/android/assets/www/img/App icon - launch images/android/launch images/Default-480x800.png"/><file name="www/img/App icon - launch images/android/launch images/Default-640x480~ipad.png" path="/Users/cognizant/Desktop/GrainFlowApp/platforms/android/assets/www/img/App icon - launch images/android/launch images/Default-640x480~ipad.png"/><file name="www/img/App icon - launch images/android/launch images/Default-720x1280.png" path="/Users/cognizant/Desktop/GrainFlowApp/platforms/android/assets/www/img/App icon - launch images/android/launch images/Default-720x1280.png"/><file name="www/img/App icon - launch images/android/launch images/Default-800x480.png" path="/Users/cognizant/Desktop/GrainFlowApp/platforms/android/assets/www/img/App icon - launch images/android/launch images/Default-800x480.png"/><file name="www/img/App icon - launch images/android/launch images/Default960x720~ipad.png" path="/Users/cognizant/Desktop/GrainFlowApp/platforms/android/assets/www/img/App icon - launch images/android/launch images/Default960x720~ipad.png"/><file name="www/img/App icon - launch images/ios/icons/icon-100.png" path="/Users/cognizant/Desktop/GrainFlowApp/platforms/android/assets/www/img/App icon - launch images/ios/icons/icon-100.png"/><file name="www/img/App icon - launch images/ios/icons/icon-114.png" path="/Users/cognizant/Desktop/GrainFlowApp/platforms/android/assets/www/img/App icon - launch images/ios/icons/icon-114.png"/><file name="www/img/App icon - launch images/ios/icons/icon-40.png" path="/Users/cognizant/Desktop/GrainFlowApp/platforms/android/assets/www/img/App icon - launch images/ios/icons/icon-40.png"/><file name="www/img/App icon - launch images/ios/icons/icon-40@2x.png" path="/Users/cognizant/Desktop/GrainFlowApp/platforms/android/assets/www/img/App icon - launch images/ios/icons/icon-40@2x.png"/><file name="www/img/App icon - launch images/ios/icons/icon-50.png" path="/Users/cognizant/Desktop/GrainFlowApp/platforms/android/assets/www/img/App icon - launch images/ios/icons/icon-50.png"/><file name="www/img/App icon - launch images/ios/icons/icon-57.png" path="/Users/cognizant/Desktop/GrainFlowApp/platforms/android/assets/www/img/App icon - launch images/ios/icons/icon-57.png"/><file name="www/img/App icon - launch images/ios/icons/icon-58@2x.png" path="/Users/cognizant/Desktop/GrainFlowApp/platforms/android/assets/www/img/App icon - launch images/ios/icons/icon-58@2x.png"/><file name="www/img/App icon - launch images/ios/icons/icon-60@2x.png" path="/Users/cognizant/Desktop/GrainFlowApp/platforms/android/assets/www/img/App icon - launch images/ios/icons/icon-60@2x.png"/><file name="www/img/App icon - launch images/ios/icons/icon-72.png" path="/Users/cognizant/Desktop/GrainFlowApp/platforms/android/assets/www/img/App icon - launch images/ios/icons/icon-72.png"/><file name="www/img/App icon - launch images/ios/icons/icon-72@2x.png" path="/Users/cognizant/Desktop/GrainFlowApp/platforms/android/assets/www/img/App icon - launch images/ios/icons/icon-72@2x.png"/><file name="www/img/App icon - launch images/ios/icons/icon-76.png" path="/Users/cognizant/Desktop/GrainFlowApp/platforms/android/assets/www/img/App icon - launch images/ios/icons/icon-76.png"/><file name="www/img/App icon - launch images/ios/icons/icon-76@2x.png" path="/Users/cognizant/Desktop/GrainFlowApp/platforms/android/assets/www/img/App icon - launch images/ios/icons/icon-76@2x.png"/><file name="www/img/App icon - launch images/ios/icons/icon-small.png" path="/Users/cognizant/Desktop/GrainFlowApp/platforms/android/assets/www/img/App icon - launch images/ios/icons/icon-small.png"/><file name="www/img/App icon - launch images/ios/launch images/Default-1024x748~ipad .png" path="/Users/cognizant/Desktop/GrainFlowApp/platforms/android/assets/www/img/App icon - launch images/ios/launch images/Default-1024x748~ipad .png"/><file name="www/img/App icon - launch images/ios/launch images/Default-1024x768~ipad .png" path="/Users/cognizant/Desktop/GrainFlowApp/platforms/android/assets/www/img/App icon - launch images/ios/launch images/Default-1024x768~ipad .png"/><file name="www/img/App icon - launch images/ios/launch images/Default-1536x2008~ipad .png" path="/Users/cognizant/Desktop/GrainFlowApp/platforms/android/assets/www/img/App icon - launch images/ios/launch images/Default-1536x2008~ipad .png"/><file name="www/img/App icon - launch images/ios/launch images/Default-1536x2048~ipad .png" path="/Users/cognizant/Desktop/GrainFlowApp/platforms/android/assets/www/img/App icon - launch images/ios/launch images/Default-1536x2048~ipad .png"/><file name="www/img/App icon - launch images/ios/launch images/Default-2048x1496~ipad .png" path="/Users/cognizant/Desktop/GrainFlowApp/platforms/android/assets/www/img/App icon - launch images/ios/launch images/Default-2048x1496~ipad .png"/><file name="www/img/App icon - launch images/ios/launch images/Default-2048x1536~ipad .png" path="/Users/cognizant/Desktop/GrainFlowApp/platforms/android/assets/www/img/App icon - launch images/ios/launch images/Default-2048x1536~ipad .png"/><file name="www/img/App icon - launch images/ios/launch images/Default-568h@2x~iphone.png" path="/Users/cognizant/Desktop/GrainFlowApp/platforms/android/assets/www/img/App icon - launch images/ios/launch images/Default-568h@2x~iphone.png"/><file name="www/img/App icon - launch images/ios/launch images/Default-768x1024~ipad.png" path="/Users/cognizant/Desktop/GrainFlowApp/platforms/android/assets/www/img/App icon - launch images/ios/launch images/Default-768x1024~ipad.png"/><file name="www/img/App icon - launch images/ios/launch images/Default@2x~iphone.png" path="/Users/cognizant/Desktop/GrainFlowApp/platforms/android/assets/www/img/App icon - launch images/ios/launch images/Default@2x~iphone.png"/><file name="www/img/App icon - launch images/ios/launch images/Default~ipad .png" path="/Users/cognizant/Desktop/GrainFlowApp/platforms/android/assets/www/img/App icon - launch images/ios/launch images/Default~ipad .png"/><file name="www/img/App icon - launch images/ios/launch images/Default~iphone.png" path="/Users/cognizant/Desktop/GrainFlowApp/platforms/android/assets/www/img/App icon - launch images/ios/launch images/Default~iphone.png"/><file name="www/img/arrowdown.png" path="/Users/cognizant/Desktop/GrainFlowApp/platforms/android/assets/www/img/arrowdown.png"/><file name="www/img/banner-phone.png" path="/Users/cognizant/Desktop/GrainFlowApp/platforms/android/assets/www/img/banner-phone.png"/><file name="www/img/banner.png" path="/Users/cognizant/Desktop/GrainFlowApp/platforms/android/assets/www/img/banner.png"/><file name="www/img/callgrainflow.png" path="/Users/cognizant/Desktop/GrainFlowApp/platforms/android/assets/www/img/callgrainflow.png"/><file name="www/img/CallGrainflow2.png" path="/Users/cognizant/Desktop/GrainFlowApp/platforms/android/assets/www/img/CallGrainflow2.png"/><file name="www/img/favourites.png" path="/Users/cognizant/Desktop/GrainFlowApp/platforms/android/assets/www/img/favourites.png"/><file name="www/img/Favourites2-selected.png" path="/Users/cognizant/Desktop/GrainFlowApp/platforms/android/assets/www/img/Favourites2-selected.png"/><file name="www/img/Favourites2.png" path="/Users/cognizant/Desktop/GrainFlowApp/platforms/android/assets/www/img/Favourites2.png"/><file name="www/img/grainflowlogo.png" path="/Users/cognizant/Desktop/GrainFlowApp/platforms/android/assets/www/img/grainflowlogo.png"/><file name="www/img/grainflowlogo1.png" path="/Users/cognizant/Desktop/GrainFlowApp/platforms/android/assets/www/img/grainflowlogo1.png"/><file name="www/img/grainprices.png" path="/Users/cognizant/Desktop/GrainFlowApp/platforms/android/assets/www/img/grainprices.png"/><file name="www/img/grainpricesfooter.png" path="/Users/cognizant/Desktop/GrainFlowApp/platforms/android/assets/www/img/grainpricesfooter.png"/><file name="www/img/grainpricesfooter2.png" path="/Users/cognizant/Desktop/GrainFlowApp/platforms/android/assets/www/img/grainpricesfooter2.png"/><file name="www/img/growerlogin.png" path="/Users/cognizant/Desktop/GrainFlowApp/platforms/android/assets/www/img/growerlogin.png"/><file name="www/img/GrowerLogin2.png" path="/Users/cognizant/Desktop/GrainFlowApp/platforms/android/assets/www/img/GrowerLogin2.png"/><file name="www/img/Home.png" path="/Users/cognizant/Desktop/GrainFlowApp/platforms/android/assets/www/img/Home.png"/><file name="www/img/Home2.png" path="/Users/cognizant/Desktop/GrainFlowApp/platforms/android/assets/www/img/Home2.png"/><file name="www/img/Map.png" path="/Users/cognizant/Desktop/GrainFlowApp/platforms/android/assets/www/img/Map.png"/><file name="www/img/moreinfo.png" path="/Users/cognizant/Desktop/GrainFlowApp/platforms/android/assets/www/img/moreinfo.png"/><file name="www/img/MoreInfo2.png" path="/Users/cognizant/Desktop/GrainFlowApp/platforms/android/assets/www/img/MoreInfo2.png"/><file name="www/img/newsalerts-orig.png" path="/Users/cognizant/Desktop/GrainFlowApp/platforms/android/assets/www/img/newsalerts-orig.png"/><file name="www/img/newsalerts.png" path="/Users/cognizant/Desktop/GrainFlowApp/platforms/android/assets/www/img/newsalerts.png"/><file name="www/img/Opening-Hours.png" path="/Users/cognizant/Desktop/GrainFlowApp/platforms/android/assets/www/img/Opening-Hours.png"/><file name="www/img/sitecontacts.png" path="/Users/cognizant/Desktop/GrainFlowApp/platforms/android/assets/www/img/sitecontacts.png"/><file name="www/img/Sites2.png" path="/Users/cognizant/Desktop/GrainFlowApp/platforms/android/assets/www/img/Sites2.png"/><file name="www/index.html" path="/Users/cognizant/Desktop/GrainFlowApp/platforms/android/assets/www/index.html"/><file name="www/js/app.js" path="/Users/cognizant/Desktop/GrainFlowApp/platforms/android/assets/www/js/app.js"/><file name="www/js/controllers.js" path="/Users/cognizant/Desktop/GrainFlowApp/platforms/android/assets/www/js/controllers.js"/><file name="www/js/service.js" path="/Users/cognizant/Desktop/GrainFlowApp/platforms/android/assets/www/js/service.js"/><file name="www/lib/custom/_grainflowCustom.scss" path="/Users/cognizant/Desktop/GrainFlowApp/platforms/android/assets/www/lib/custom/_grainflowCustom.scss"/><file name="www/lib/custom/_variables.scss" path="/Users/cognizant/Desktop/GrainFlowApp/platforms/android/assets/www/lib/custom/_variables.scss"/><file name="www/lib/custom/grainflow.scss" path="/Users/cognizant/Desktop/GrainFlowApp/platforms/android/assets/www/lib/custom/grainflow.scss"/><file name="www/lib/custom/grainflowIcons/_ionicons-animation.scss" path="/Users/cognizant/Desktop/GrainFlowApp/platforms/android/assets/www/lib/custom/grainflowIcons/_ionicons-animation.scss"/><file name="www/lib/custom/grainflowIcons/_ionicons-font.scss" path="/Users/cognizant/Desktop/GrainFlowApp/platforms/android/assets/www/lib/custom/grainflowIcons/_ionicons-font.scss"/><file name="www/lib/custom/grainflowIcons/_ionicons-icons.scss" path="/Users/cognizant/Desktop/GrainFlowApp/platforms/android/assets/www/lib/custom/grainflowIcons/_ionicons-icons.scss"/><file name="www/lib/custom/grainflowIcons/_ionicons-variables.scss" path="/Users/cognizant/Desktop/GrainFlowApp/platforms/android/assets/www/lib/custom/grainflowIcons/_ionicons-variables.scss"/><file name="www/lib/custom/grainflowIcons/ionicons.scss" path="/Users/cognizant/Desktop/GrainFlowApp/platforms/android/assets/www/lib/custom/grainflowIcons/ionicons.scss"/><file name="www/lib/ionic/css/ionic - Copy.css" path="/Users/cognizant/Desktop/GrainFlowApp/platforms/android/assets/www/lib/ionic/css/ionic - Copy.css"/><file name="www/lib/ionic/css/ionic.css" path="/Users/cognizant/Desktop/GrainFlowApp/platforms/android/assets/www/lib/ionic/css/ionic.css"/><file name="www/lib/ionic/css/ionic.min.css" path="/Users/cognizant/Desktop/GrainFlowApp/platforms/android/assets/www/lib/ionic/css/ionic.min.css"/><file name="www/lib/ionic/fonts/ionicons.eot" path="/Users/cognizant/Desktop/GrainFlowApp/platforms/android/assets/www/lib/ionic/fonts/ionicons.eot"/><file name="www/lib/ionic/fonts/ionicons.svg" path="/Users/cognizant/Desktop/GrainFlowApp/platforms/android/assets/www/lib/ionic/fonts/ionicons.svg"/><file name="www/lib/ionic/fonts/ionicons.ttf" path="/Users/cognizant/Desktop/GrainFlowApp/platforms/android/assets/www/lib/ionic/fonts/ionicons.ttf"/><file name="www/lib/ionic/fonts/ionicons.woff" path="/Users/cognizant/Desktop/GrainFlowApp/platforms/android/assets/www/lib/ionic/fonts/ionicons.woff"/><file name="www/lib/ionic/js/angular/angular-animate.js" path="/Users/cognizant/Desktop/GrainFlowApp/platforms/android/assets/www/lib/ionic/js/angular/angular-animate.js"/><file name="www/lib/ionic/js/angular/angular-animate.min.js" path="/Users/cognizant/Desktop/GrainFlowApp/platforms/android/assets/www/lib/ionic/js/angular/angular-animate.min.js"/><file name="www/lib/ionic/js/angular/angular-resource.js" path="/Users/cognizant/Desktop/GrainFlowApp/platforms/android/assets/www/lib/ionic/js/angular/angular-resource.js"/><file name="www/lib/ionic/js/angular/angular-resource.min.js" path="/Users/cognizant/Desktop/GrainFlowApp/platforms/android/assets/www/lib/ionic/js/angular/angular-resource.min.js"/><file name="www/lib/ionic/js/angular/angular-sanitize.js" path="/Users/cognizant/Desktop/GrainFlowApp/platforms/android/assets/www/lib/ionic/js/angular/angular-sanitize.js"/><file name="www/lib/ionic/js/angular/angular-sanitize.min.js" path="/Users/cognizant/Desktop/GrainFlowApp/platforms/android/assets/www/lib/ionic/js/angular/angular-sanitize.min.js"/><file name="www/lib/ionic/js/angular/angular.js" path="/Users/cognizant/Desktop/GrainFlowApp/platforms/android/assets/www/lib/ionic/js/angular/angular.js"/><file name="www/lib/ionic/js/angular/angular.min.js" path="/Users/cognizant/Desktop/GrainFlowApp/platforms/android/assets/www/lib/ionic/js/angular/angular.min.js"/><file name="www/lib/ionic/js/angular-ui/angular-ui-router.js" path="/Users/cognizant/Desktop/GrainFlowApp/platforms/android/assets/www/lib/ionic/js/angular-ui/angular-ui-router.js"/><file name="www/lib/ionic/js/angular-ui/angular-ui-router.min.js" path="/Users/cognizant/Desktop/GrainFlowApp/platforms/android/assets/www/lib/ionic/js/angular-ui/angular-ui-router.min.js"/><file name="www/lib/ionic/js/ionic-angular.js" path="/Users/cognizant/Desktop/GrainFlowApp/platforms/android/assets/www/lib/ionic/js/ionic-angular.js"/><file name="www/lib/ionic/js/ionic-angular.min.js" path="/Users/cognizant/Desktop/GrainFlowApp/platforms/android/assets/www/lib/ionic/js/ionic-angular.min.js"/><file name="www/lib/ionic/js/ionic.bundle.js" path="/Users/cognizant/Desktop/GrainFlowApp/platforms/android/assets/www/lib/ionic/js/ionic.bundle.js"/><file name="www/lib/ionic/js/ionic.bundle.min.js" path="/Users/cognizant/Desktop/GrainFlowApp/platforms/android/assets/www/lib/ionic/js/ionic.bundle.min.js"/><file name="www/lib/ionic/js/ionic.js" path="/Users/cognizant/Desktop/GrainFlowApp/platforms/android/assets/www/lib/ionic/js/ionic.js"/><file name="www/lib/ionic/js/ionic.min.js" path="/Users/cognizant/Desktop/GrainFlowApp/platforms/android/assets/www/lib/ionic/js/ionic.min.js"/><file name="www/lib/ionic/scss/_action-sheet.scss" path="/Users/cognizant/Desktop/GrainFlowApp/platforms/android/assets/www/lib/ionic/scss/_action-sheet.scss"/><file name="www/lib/ionic/scss/_animations.scss" path="/Users/cognizant/Desktop/GrainFlowApp/platforms/android/assets/www/lib/ionic/scss/_animations.scss"/><file name="www/lib/ionic/scss/_backdrop.scss" path="/Users/cognizant/Desktop/GrainFlowApp/platforms/android/assets/www/lib/ionic/scss/_backdrop.scss"/><file name="www/lib/ionic/scss/_badge.scss" path="/Users/cognizant/Desktop/GrainFlowApp/platforms/android/assets/www/lib/ionic/scss/_badge.scss"/><file name="www/lib/ionic/scss/_bar.scss" path="/Users/cognizant/Desktop/GrainFlowApp/platforms/android/assets/www/lib/ionic/scss/_bar.scss"/><file name="www/lib/ionic/scss/_button-bar.scss" path="/Users/cognizant/Desktop/GrainFlowApp/platforms/android/assets/www/lib/ionic/scss/_button-bar.scss"/><file name="www/lib/ionic/scss/_button.scss" path="/Users/cognizant/Desktop/GrainFlowApp/platforms/android/assets/www/lib/ionic/scss/_button.scss"/><file name="www/lib/ionic/scss/_checkbox.scss" path="/Users/cognizant/Desktop/GrainFlowApp/platforms/android/assets/www/lib/ionic/scss/_checkbox.scss"/><file name="www/lib/ionic/scss/_form.scss" path="/Users/cognizant/Desktop/GrainFlowApp/platforms/android/assets/www/lib/ionic/scss/_form.scss"/><file name="www/lib/ionic/scss/_grid.scss" path="/Users/cognizant/Desktop/GrainFlowApp/platforms/android/assets/www/lib/ionic/scss/_grid.scss"/><file name="www/lib/ionic/scss/_items.scss" path="/Users/cognizant/Desktop/GrainFlowApp/platforms/android/assets/www/lib/ionic/scss/_items.scss"/><file name="www/lib/ionic/scss/_list.scss" path="/Users/cognizant/Desktop/GrainFlowApp/platforms/android/assets/www/lib/ionic/scss/_list.scss"/><file name="www/lib/ionic/scss/_loading.scss" path="/Users/cognizant/Desktop/GrainFlowApp/platforms/android/assets/www/lib/ionic/scss/_loading.scss"/><file name="www/lib/ionic/scss/_menu.scss" path="/Users/cognizant/Desktop/GrainFlowApp/platforms/android/assets/www/lib/ionic/scss/_menu.scss"/><file name="www/lib/ionic/scss/_mixins.scss" path="/Users/cognizant/Desktop/GrainFlowApp/platforms/android/assets/www/lib/ionic/scss/_mixins.scss"/><file name="www/lib/ionic/scss/_modal.scss" path="/Users/cognizant/Desktop/GrainFlowApp/platforms/android/assets/www/lib/ionic/scss/_modal.scss"/><file name="www/lib/ionic/scss/_platform.scss" path="/Users/cognizant/Desktop/GrainFlowApp/platforms/android/assets/www/lib/ionic/scss/_platform.scss"/><file name="www/lib/ionic/scss/_popup.scss" path="/Users/cognizant/Desktop/GrainFlowApp/platforms/android/assets/www/lib/ionic/scss/_popup.scss"/><file name="www/lib/ionic/scss/_progress.scss" path="/Users/cognizant/Desktop/GrainFlowApp/platforms/android/assets/www/lib/ionic/scss/_progress.scss"/><file name="www/lib/ionic/scss/_radio.scss" path="/Users/cognizant/Desktop/GrainFlowApp/platforms/android/assets/www/lib/ionic/scss/_radio.scss"/><file name="www/lib/ionic/scss/_range.scss" path="/Users/cognizant/Desktop/GrainFlowApp/platforms/android/assets/www/lib/ionic/scss/_range.scss"/><file name="www/lib/ionic/scss/_reset.scss" path="/Users/cognizant/Desktop/GrainFlowApp/platforms/android/assets/www/lib/ionic/scss/_reset.scss"/><file name="www/lib/ionic/scss/_scaffolding.scss" path="/Users/cognizant/Desktop/GrainFlowApp/platforms/android/assets/www/lib/ionic/scss/_scaffolding.scss"/><file name="www/lib/ionic/scss/_select.scss" path="/Users/cognizant/Desktop/GrainFlowApp/platforms/android/assets/www/lib/ionic/scss/_select.scss"/><file name="www/lib/ionic/scss/_slide-box.scss" path="/Users/cognizant/Desktop/GrainFlowApp/platforms/android/assets/www/lib/ionic/scss/_slide-box.scss"/><file name="www/lib/ionic/scss/_split-pane.scss" path="/Users/cognizant/Desktop/GrainFlowApp/platforms/android/assets/www/lib/ionic/scss/_split-pane.scss"/><file name="www/lib/ionic/scss/_tabs.scss" path="/Users/cognizant/Desktop/GrainFlowApp/platforms/android/assets/www/lib/ionic/scss/_tabs.scss"/><file name="www/lib/ionic/scss/_toggle.scss" path="/Users/cognizant/Desktop/GrainFlowApp/platforms/android/assets/www/lib/ionic/scss/_toggle.scss"/><file name="www/lib/ionic/scss/_type.scss" path="/Users/cognizant/Desktop/GrainFlowApp/platforms/android/assets/www/lib/ionic/scss/_type.scss"/><file name="www/lib/ionic/scss/_util.scss" path="/Users/cognizant/Desktop/GrainFlowApp/platforms/android/assets/www/lib/ionic/scss/_util.scss"/><file name="www/lib/ionic/scss/_variables.scss" path="/Users/cognizant/Desktop/GrainFlowApp/platforms/android/assets/www/lib/ionic/scss/_variables.scss"/><file name="www/lib/ionic/scss/ionic.scss" path="/Users/cognizant/Desktop/GrainFlowApp/platforms/android/assets/www/lib/ionic/scss/ionic.scss"/><file name="www/lib/ionic/scss/ionicons/_ionicons-animation.scss" path="/Users/cognizant/Desktop/GrainFlowApp/platforms/android/assets/www/lib/ionic/scss/ionicons/_ionicons-animation.scss"/><file name="www/lib/ionic/scss/ionicons/_ionicons-font.scss" path="/Users/cognizant/Desktop/GrainFlowApp/platforms/android/assets/www/lib/ionic/scss/ionicons/_ionicons-font.scss"/><file name="www/lib/ionic/scss/ionicons/_ionicons-icons.scss" path="/Users/cognizant/Desktop/GrainFlowApp/platforms/android/assets/www/lib/ionic/scss/ionicons/_ionicons-icons.scss"/><file name="www/lib/ionic/scss/ionicons/_ionicons-variables.scss" path="/Users/cognizant/Desktop/GrainFlowApp/platforms/android/assets/www/lib/ionic/scss/ionicons/_ionicons-variables.scss"/><file name="www/lib/ionic/scss/ionicons/ionicons.scss" path="/Users/cognizant/Desktop/GrainFlowApp/platforms/android/assets/www/lib/ionic/scss/ionicons/ionicons.scss"/><file name="www/lib/ionic/version.json" path="/Users/cognizant/Desktop/GrainFlowApp/platforms/android/assets/www/lib/ionic/version.json"/><file name="www/map.html" path="/Users/cognizant/Desktop/GrainFlowApp/platforms/android/assets/www/map.html"/><file name="www/plugins/cordova-plugin-device/www/device.js" path="/Users/cognizant/Desktop/GrainFlowApp/platforms/android/assets/www/plugins/cordova-plugin-device/www/device.js"/><file name="www/plugins/cordova-plugin-inappbrowser/www/inappbrowser.js" path="/Users/cognizant/Desktop/GrainFlowApp/platforms/android/assets/www/plugins/cordova-plugin-inappbrowser/www/inappbrowser.js"/><file name="www/plugins/cordova-plugin-network-information/www/Connection.js" path="/Users/cognizant/Desktop/GrainFlowApp/platforms/android/assets/www/plugins/cordova-plugin-network-information/www/Connection.js"/><file name="www/plugins/cordova-plugin-network-information/www/network.js" path="/Users/cognizant/Desktop/GrainFlowApp/platforms/android/assets/www/plugins/cordova-plugin-network-information/www/network.js"/><file name="www/plugins/cordova-plugin-splashscreen/www/splashscreen.js" path="/Users/cognizant/Desktop/GrainFlowApp/platforms/android/assets/www/plugins/cordova-plugin-splashscreen/www/splashscreen.js"/><file name="www/plugins/ionic-plugin-keyboard/www/android/keyboard.js" path="/Users/cognizant/Desktop/GrainFlowApp/platforms/android/assets/www/plugins/ionic-plugin-keyboard/www/android/keyboard.js"/><file name="www/README.md" path="/Users/cognizant/Desktop/GrainFlowApp/platforms/android/assets/www/README.md"/><file name="www/templates/apptandcs.html" path="/Users/cognizant/Desktop/GrainFlowApp/platforms/android/assets/www/templates/apptandcs.html"/><file name="www/templates/callgrainflow.html" path="/Users/cognizant/Desktop/GrainFlowApp/platforms/android/assets/www/templates/callgrainflow.html"/><file name="www/templates/favpricesearch.html" path="/Users/cognizant/Desktop/GrainFlowApp/platforms/android/assets/www/templates/favpricesearch.html"/><file name="www/templates/growerlogin.html" path="/Users/cognizant/Desktop/GrainFlowApp/platforms/android/assets/www/templates/growerlogin.html"/><file name="www/templates/helpguide.html" path="/Users/cognizant/Desktop/GrainFlowApp/platforms/android/assets/www/templates/helpguide.html"/><file name="www/templates/home.html" path="/Users/cognizant/Desktop/GrainFlowApp/platforms/android/assets/www/templates/home.html"/><file name="www/templates/menu.html" path="/Users/cognizant/Desktop/GrainFlowApp/platforms/android/assets/www/templates/menu.html"/><file name="www/templates/moreinfodetails.html" path="/Users/cognizant/Desktop/GrainFlowApp/platforms/android/assets/www/templates/moreinfodetails.html"/><file name="www/templates/moreinfolist.html" path="/Users/cognizant/Desktop/GrainFlowApp/platforms/android/assets/www/templates/moreinfolist.html"/><file name="www/templates/myfavourites.html" path="/Users/cognizant/Desktop/GrainFlowApp/platforms/android/assets/www/templates/myfavourites.html"/><file name="www/templates/new-favourite.html" path="/Users/cognizant/Desktop/GrainFlowApp/platforms/android/assets/www/templates/new-favourite.html"/><file name="www/templates/otherinfo.html" path="/Users/cognizant/Desktop/GrainFlowApp/platforms/android/assets/www/templates/otherinfo.html"/><file name="www/templates/pricesearch.html" path="/Users/cognizant/Desktop/GrainFlowApp/platforms/android/assets/www/templates/pricesearch.html"/><file name="www/templates/selectedsitedetails.html" path="/Users/cognizant/Desktop/GrainFlowApp/platforms/android/assets/www/templates/selectedsitedetails.html"/><file name="www/templates/selectedsiteonmap.html" path="/Users/cognizant/Desktop/GrainFlowApp/platforms/android/assets/www/templates/selectedsiteonmap.html"/><file name="www/templates/showPriceConfirmation.html" path="/Users/cognizant/Desktop/GrainFlowApp/platforms/android/assets/www/templates/showPriceConfirmation.html"/><file name="www/templates/showTransferConfirmation.html" path="/Users/cognizant/Desktop/GrainFlowApp/platforms/android/assets/www/templates/showTransferConfirmation.html"/><file name="www/templates/showTransferConfirmationWithMessage.html" path="/Users/cognizant/Desktop/GrainFlowApp/platforms/android/assets/www/templates/showTransferConfirmationWithMessage.html"/><file name="www/templates/shs.html" path="/Users/cognizant/Desktop/GrainFlowApp/platforms/android/assets/www/templates/shs.html"/><file name="www/templates/siteopeninghours.html" path="/Users/cognizant/Desktop/GrainFlowApp/platforms/android/assets/www/templates/siteopeninghours.html"/><file name="www/templates/sitesbystate.html" path="/Users/cognizant/Desktop/GrainFlowApp/platforms/android/assets/www/templates/sitesbystate.html"/><file name="www/templates/sitesegregations.html" path="/Users/cognizant/Desktop/GrainFlowApp/platforms/android/assets/www/templates/sitesegregations.html"/><file name="www/templates/siteturnaroundtime.html" path="/Users/cognizant/Desktop/GrainFlowApp/platforms/android/assets/www/templates/siteturnaroundtime.html"/><file name="www/templates/vc.html" path="/Users/cognizant/Desktop/GrainFlowApp/platforms/android/assets/www/templates/vc.html"/></source><source path="/Users/cognizant/Desktop/GrainFlowApp/platforms/android/build/generated/assets/shaders/debug"/></dataSet><dataSet config="debug"><source path="/Users/cognizant/Desktop/GrainFlowApp/platforms/android/src/debug/assets"/></dataSet></merger>